Series Name,Series Code,Country Name,Country Code,1960 [YR1960],1961 [YR1961],1962 [YR1962],1963 [YR1963],1964 [YR1964],1965 [YR1965],1966 [YR1966],1967 [YR1967],1968 [YR1968],1969 [YR1969],1970 [YR1970],1971 [YR1971],1972 [YR1972],1973 [YR1973],1974 [YR1974],1975 [YR1975],1976 [YR1976],1977 [YR1977],1978 [YR1978],1979 [YR1979],1980 [YR1980],1981 [YR1981],1982 [YR1982],1983 [YR1983],1984 [YR1984],1985 [YR1985],1986 [YR1986],1987 [YR1987],1988 [YR1988],1989 [YR1989],1990 [YR1990],1991 [YR1991],1992 [YR1992],1993 [YR1993],1994 [YR1994],1995 [YR1995],1996 [YR1996],1997 [YR1997],1998 [YR1998],1999 [YR1999],2000 [YR2000],2001 [YR2001],2002 [YR2002],2003 [YR2003],2004 [YR2004],2005 [YR2005],2006 [YR2006],2007 [YR2007],2008 [YR2008],2009 [YR2009],2010 [YR2010],2011 [YR2011],2012 [YR2012],2013 [YR2013],2014 [YR2014],2015 [YR2015],2016 [YR2016],2017 [YR2017],2018 [YR2018],2019 [YR2019],2020 [YR2020]
"Literacy rate, adult total (% of people ages 15 and above)",SE.ADT.LITR.ZS,Afghanistan,AFG,..,..,..,..,..,..,..,..,..,..,..,..,..,..,..,..,..,..,..,18.15768051,..,..,..,..,..,..,..,..,..,..,..,..,..,..,..,..,..,..,..,..,..,..,..,..,..,..,..,..,..,..,..,31.44885063,..,..,..,..,..,..,43.01971817,..,..
"Literacy rate, adult total (% of people ages 15 and above)",SE.ADT.LITR.ZS,Albania,ALB,..,..,..,..,..,..,..,..,..,..,..,..,..,..,..,..,..,..,..,..,..,..,..,..,..,..,..,..,..,..,..,..,..,..,..,..,..,..,..,..,..,98.71298218,..,..,..,..,..,..,95.93863678,..,..,96.84529877,97.24697113,..,..,..,..,..,98.14115143,..,..
"Literacy rate, adult total (% of people ages 15 and above)",SE.ADT.LITR.ZS,Algeria,DZA,..,..,..,..,..,..,..,..,..,..,..,..,..,..,..,..,..,..,..,..,..,..,..,..,..,..,..,49.63087845,..,..,..,..,..,..,..,..,..,..,..,..,..,..,69.87349701,..,..,..,72.64868164,..,75.13604736,..,..,..,..,..,..,..,..,..,81.40783691,..,..
"Literacy rate, adult total (% of people ages 15 and above)",SE.ADT.LITR.ZS,American Samoa,ASM,..,..,..,..,..,..,..,..,..,..,..,..,..,..,..,..,..,..,..,..,97.34416199,..,..,..,..,..,..,..,..,..,..,..,..,..,..,..,..,..,..,..,..,..,..,..,..,..,..,..,..,..,..,..,..,..,..,..,..,..,..,..,..
"Literacy rate, adult total (% of people ages 15 and above)",SE.ADT.LITR.ZS,Andorra,AND,..,..,..,..,..,..,..,..,..,..,..,..,..,..,..,..,..,..,..,..,..,..,..,..,..,..,..,..,..,..,..,..,..,..,..,..,..,..,..,..,..,..,..,..,..,..,..,..,..,..,..,..,..,..,..,..,..,..,..,..,..
"Literacy rate, adult total (% of people ages 15 and above)",SE.ADT.LITR.ZS,Angola,AGO,..,..,..,..,..,..,..,..,..,..,..,..,..,..,..,..,..,..,..,..,..,..,..,..,..,..,..,..,..,..,..,..,..,..,..,..,..,..,..,..,..,67.4054184,..,..,..,..,..,..,..,..,..,..,..,..,66.03011322,..,..,..,..,..,..
"Literacy rate, adult total (% of people ages 15 and above)",SE.ADT.LITR.ZS,Antigua and Barbuda,ATG,..,..,..,..,..,..,..,..,..,..,..,..,..,..,..,..,..,..,..,..,..,..,..,..,..,..,..,..,..,..,..,..,..,..,..,..,..,..,..,..,..,98.94999695,..,..,..,..,..,..,..,..,..,98.94999695,..,..,..,98.94999695,..,..,..,..,..
"Literacy rate, adult total (% of people ages 15 and above)",SE.ADT.LITR.ZS,Argentina,ARG,..,..,..,..,..,..,..,..,..,..,..,..,..,..,..,..,..,..,..,..,93.91285706,..,..,..,..,..,..,..,..,..,..,96.04071808,..,..,..,..,..,..,..,..,..,97.1933136,..,..,..,..,98.6108017,..,..,98.98342133,98.95497131,99.10832977,99.10523224,99.12194824,98.99388885,99.17996216,99.12500763,..,99.0038681,..,..
"Literacy rate, adult total (% of people ages 15 and above)",SE.ADT.LITR.ZS,Armenia,ARM,..,..,..,..,..,..,..,..,..,..,..,..,..,..,..,..,..,..,..,..,..,..,..,..,..,..,..,..,..,98.75196075,..,..,..,..,..,..,..,..,..,..,..,99.40016174,..,..,..,..,..,..,..,..,..,99.74440765,..,..,..,..,..,99.73606873,..,..,..
"Literacy rate, adult total (% of people ages 15 and above)",SE.ADT.LITR.ZS,Aruba,ABW,..,..,..,..,..,..,..,..,..,..,..,..,..,..,..,..,..,..,..,..,..,..,..,..,..,..,..,..,..,..,..,..,..,..,..,..,..,..,..,..,97.29125214,..,..,..,..,..,..,..,..,..,96.82263947,..,..,..,..,..,..,..,97.80741882,..,..
"Literacy rate, adult total (% of people ages 15 and above)",SE.ADT.LITR.ZS,Australia,AUS,..,..,..,..,..,..,..,..,..,..,..,..,..,..,..,..,..,..,..,..,..,..,..,..,..,..,..,..,..,..,..,..,..,..,..,..,..,..,..,..,..,..,..,..,..,..,..,..,..,..,..,..,..,..,..,..,..,..,..,..,..
"Literacy rate, adult total (% of people ages 15 and above)",SE.ADT.LITR.ZS,Austria,AUT,..,..,..,..,..,..,..,..,..,..,..,..,..,..,..,..,..,..,..,..,..,..,..,..,..,..,..,..,..,..,..,..,..,..,..,..,..,..,..,..,..,..,..,..,..,..,..,..,..,..,..,..,..,..,..,..,..,..,..,..,..
"Literacy rate, adult total (% of people ages 15 and above)",SE.ADT.LITR.ZS,Azerbaijan,AZE,..,..,..,..,..,..,..,..,..,..,..,..,..,..,..,..,..,..,..,..,..,..,..,..,..,..,..,..,..,..,..,..,..,..,..,..,..,..,..,98.79180145,..,..,..,..,..,..,..,99.59319305,..,99.75984192,99.77114105,99.77863312,99.77577209,99.78936005,99.78898621,99.78806305,99.79006195,99.79122925,..,..,..
"Literacy rate, adult total (% of people ages 15 and above)",SE.ADT.LITR.ZS,"Bahamas, The",BHS,..,..,..,..,..,..,..,..,..,..,..,..,..,..,..,..,..,..,..,..,..,..,..,..,..,..,..,..,..,..,..,..,..,..,..,..,..,..,..,..,..,..,..,..,..,..,..,..,..,..,..,..,..,..,..,..,..,..,..,..,..
"Literacy rate, adult total (% of people ages 15 and above)",SE.ADT.LITR.ZS,Bahrain,BHR,..,..,..,..,..,..,..,..,..,..,..,..,..,..,..,..,..,..,..,..,..,69.75350952,..,..,..,..,..,..,..,..,..,84.01383209,..,..,..,..,..,..,..,..,..,86.54873657,..,..,..,..,..,..,..,..,90.97740173,..,..,..,..,..,97.06668091,97.40389252,97.46418762,..,..
"Literacy rate, adult total (% of people ages 15 and above)",SE.ADT.LITR.ZS,Bangladesh,BGD,..,..,..,..,..,..,..,..,..,..,..,..,..,..,..,..,..,..,..,..,..,29.22723007,..,..,..,..,..,..,..,..,..,35.31930161,..,..,..,..,..,..,..,..,..,47.48550034,..,..,..,..,..,46.66360092,..,..,..,58.7691803,57.86074829,61.01554108,61.09329987,65.1373291,72.7587204,72.89296722,73.91220093,74.6844635,..
"Literacy rate, adult total (% of people ages 15 and above)",SE.ADT.LITR.ZS,Barbados,BRB,..,..,..,..,..,..,..,..,..,..,99.26808167,..,..,..,..,..,..,..,..,..,..,..,..,..,99.59999847,..,..,..,..,..,..,..,..,..,99.59999847,..,..,..,..,..,..,..,..,..,99.59999847,..,..,..,..,..,..,..,..,..,99.59999847,..,..,..,..,..,..
"Literacy rate, adult total (% of people ages 15 and above)",SE.ADT.LITR.ZS,Belarus,BLR,..,..,..,..,..,..,..,..,..,..,..,..,..,..,..,..,..,..,..,..,..,..,..,..,..,..,..,..,..,97.88336945,..,..,..,..,..,..,..,..,..,99.59072876,..,..,..,..,..,..,..,..,..,99.6170578,..,..,..,..,..,..,..,..,99.75656128,..,..
"Literacy rate, adult total (% of people ages 15 and above)",SE.ADT.LITR.ZS,Belgium,BEL,..,..,..,..,..,..,..,..,..,..,..,..,..,..,..,..,..,..,..,..,..,..,..,..,..,..,..,..,..,..,..,..,..,..,..,..,..,..,..,..,..,..,..,..,..,..,..,..,..,..,..,..,..,..,..,..,..,..,..,..,..
"Literacy rate, adult total (% of people ages 15 and above)",SE.ADT.LITR.ZS,Belize,BLZ,..,..,..,..,..,..,..,..,..,..,..,..,..,..,..,..,..,..,..,..,..,..,..,..,..,..,..,..,..,..,..,70.29842377,..,..,..,..,..,..,..,..,76.90297699,..,..,..,..,..,..,..,..,..,..,..,..,..,..,..,..,..,..,..,..
"Literacy rate, adult total (% of people ages 15 and above)",SE.ADT.LITR.ZS,Benin,BEN,..,..,..,..,..,..,..,..,..,..,..,..,..,..,..,..,..,..,..,16.48273087,..,..,..,..,..,..,..,..,..,..,..,..,27.24517059,..,..,..,..,..,..,..,..,..,34.65784836,..,..,..,28.70211029,..,..,..,..,..,32.94881821,..,..,..,..,..,42.36240005,..,..
"Literacy rate, adult total (% of people ages 15 and above)",SE.ADT.LITR.ZS,Bermuda,BMU,..,..,..,..,..,..,..,..,..,..,..,..,..,..,..,..,..,..,..,..,..,..,..,..,..,..,..,..,..,..,..,..,..,..,..,..,..,..,..,..,..,..,..,..,..,..,..,..,..,..,..,..,..,..,..,..,..,..,..,..,..
"Literacy rate, adult total (% of people ages 15 and above)",SE.ADT.LITR.ZS,Bhutan,BTN,..,..,..,..,..,..,..,..,..,..,..,..,..,..,..,..,..,..,..,..,..,..,..,..,..,..,..,..,..,..,..,..,..,..,..,..,..,..,..,..,..,..,..,..,..,52.81468964,..,..,..,..,..,..,55.31755829,..,..,..,..,66.5611496,..,..,..
"Literacy rate, adult total (% of people ages 15 and above)",SE.ADT.LITR.ZS,Bolivia,BOL,..,..,..,..,..,..,..,..,..,..,..,..,..,..,..,..,63.20814896,..,..,..,..,..,..,..,..,..,..,..,..,..,..,..,79.99176788,..,..,..,..,..,..,..,..,86.72367096,..,..,..,..,..,90.74346924,90.69811249,91.16783142,..,92.22615051,94.46057129,..,..,92.45507813,..,..,..,..,..
"Literacy rate, adult total (% of people ages 15 and above)",SE.ADT.LITR.ZS,Bosnia and Herzegovina,BIH,..,..,..,..,..,..,..,..,..,..,..,..,..,..,..,..,..,..,..,..,..,..,..,..,..,..,..,..,..,..,..,89.063591,..,..,..,..,..,..,..,..,96.6631012,..,..,..,..,..,..,..,..,..,..,98.14203644,..,96.99176788,..,..,..,..,..,..,..
"Literacy rate, adult total (% of people ages 15 and above)",SE.ADT.LITR.ZS,Botswana,BWA,..,..,..,..,..,..,..,..,..,..,..,..,..,..,..,..,..,..,..,..,..,..,..,..,..,..,..,..,..,..,..,68.58090973,..,..,..,..,..,..,..,..,..,..,..,81.18871307,..,..,..,..,..,..,..,..,..,86.82318115,..,..,..,..,..,..,..
"Literacy rate, adult total (% of people ages 15 and above)",SE.ADT.LITR.ZS,Brazil,BRA,..,..,..,..,..,..,..,..,..,..,..,..,..,..,..,..,..,..,..,..,74.58673096,..,..,..,..,..,..,..,..,..,..,..,..,..,..,..,..,..,..,..,86.36788177,..,..,..,88.61624146,..,89.61522675,90.0093689,90.03662109,90.29821014,90.37918091,91.41123962,91.33785248,91.48423767,91.72943115,92.04789734,92.80844116,93.07582092,93.22750092,..,..
"Literacy rate, adult total (% of people ages 15 and above)",SE.ADT.LITR.ZS,British Virgin Islands,VGB,..,..,..,..,..,..,..,..,..,..,..,..,..,..,..,..,..,..,..,..,..,..,..,..,..,..,..,..,..,..,..,..,..,..,..,..,..,..,..,..,..,..,..,..,..,..,..,..,..,..,..,..,..,..,..,..,..,..,..,..,..
"Literacy rate, adult total (% of people ages 15 and above)",SE.ADT.LITR.ZS,Brunei Darussalam,BRN,..,..,..,..,..,..,..,..,..,..,..,..,..,..,..,..,..,..,..,..,..,77.73549652,..,..,..,..,..,..,..,..,..,87.80417633,..,..,..,..,..,..,..,..,..,92.67112732,..,..,..,..,..,..,..,..,..,96.08556366,..,..,..,..,..,..,97.21411133,..,..
"Literacy rate, adult total (% of people ages 15 and above)",SE.ADT.LITR.ZS,Bulgaria,BGR,..,..,..,..,..,..,..,..,..,..,..,..,..,..,..,..,..,..,..,..,..,..,..,..,..,..,..,..,..,..,..,..,..,..,..,..,..,..,..,..,..,98.20355988,..,..,..,..,..,..,..,..,..,98.35244751,..,..,..,..,..,..,..,..,..
"Literacy rate, adult total (% of people ages 15 and above)",SE.ADT.LITR.ZS,Burkina Faso,BFA,..,..,..,..,..,..,..,..,..,..,..,..,..,..,..,8.830229759,..,..,..,..,..,..,..,..,..,..,..,..,..,..,..,13.56923008,..,..,..,..,12.84817028,..,..,..,..,..,..,21.82291985,..,23.52219963,22.47257996,28.29365921,..,..,..,..,..,..,34.59939957,..,..,..,41.22444916,..,..
"Literacy rate, adult total (% of people ages 15 and above)",SE.ADT.LITR.ZS,Burundi,BDI,..,..,..,..,..,..,..,..,..,..,..,..,..,..,..,..,..,..,..,22.50855064,..,..,..,..,..,..,..,..,..,..,37.38471985,..,..,..,..,..,..,..,..,..,59.30361938,..,..,..,..,..,..,..,48.08406067,..,..,..,..,..,61.51348877,..,..,68.37532806,..,..,..
"Literacy rate, adult total (% of people ages 15 and above)",SE.ADT.LITR.ZS,Cabo Verde,CPV,..,..,..,..,..,..,..,..,..,..,..,..,..,..,..,..,..,..,..,..,..,..,..,..,..,..,..,..,..,..,62.79685974,..,..,..,..,..,..,..,..,..,76.11044312,..,..,..,..,..,..,..,..,..,..,..,85.32778931,..,..,86.79029083,..,..,..,..,..
"Literacy rate, adult total (% of people ages 15 and above)",SE.ADT.LITR.ZS,Cambodia,KHM,..,..,..,..,..,..,..,..,..,..,..,..,..,..,..,..,..,..,..,..,..,..,..,..,..,..,..,..,..,..,..,..,..,..,..,..,..,..,67.3350296,..,..,..,..,..,73.6099472,..,..,..,76.87129211,76.13796234,..,..,..,..,78.05509186,80.52648926,..,..,..,..,..
"Literacy rate, adult total (% of people ages 15 and above)",SE.ADT.LITR.ZS,Cameroon,CMR,..,..,..,..,..,..,..,..,..,..,..,..,..,..,..,..,41.21620941,..,..,..,..,..,..,..,..,..,..,..,..,..,..,..,..,..,..,..,..,..,..,..,68.4091568,..,..,..,..,..,..,70.67993927,..,..,71.29051208,..,..,..,..,..,..,..,77.07103729,..,..
"Literacy rate, adult total (% of people ages 15 and above)",SE.ADT.LITR.ZS,Canada,CAN,..,..,..,..,..,..,..,..,..,..,..,..,..,..,..,..,..,..,..,..,..,..,..,..,..,..,..,..,..,..,..,..,..,..,..,..,..,..,..,..,..,..,..,..,..,..,..,..,..,..,..,..,..,..,..,..,..,..,..,..,..
"Literacy rate, adult total (% of people ages 15 and above)",SE.ADT.LITR.ZS,Cayman Islands,CYM,..,..,..,..,..,..,..,..,..,..,..,..,..,..,..,..,..,..,..,..,..,..,..,..,..,..,..,..,..,..,..,..,..,..,..,..,..,..,..,..,..,..,..,..,..,..,..,98.86782074,..,..,..,..,..,..,..,..,..,..,..,..,..
"Literacy rate, adult total (% of people ages 15 and above)",SE.ADT.LITR.ZS,Central African Republic,CAF,..,..,..,..,..,..,..,..,..,..,..,..,..,..,..,18.23616982,..,..,..,..,..,..,..,..,..,..,..,..,33.62442017,..,..,..,..,..,..,..,..,..,..,..,50.6451683,..,..,..,..,..,..,..,..,..,36.75260925,..,..,..,..,..,..,..,37.39582062,..,..
"Literacy rate, adult total (% of people ages 15 and above)",SE.ADT.LITR.ZS,Chad,TCD,..,..,..,..,..,..,..,..,..,..,..,..,..,..,..,..,..,..,..,..,..,..,..,..,..,..,..,..,..,..,..,..,..,10.89465046,..,..,..,..,..,..,25.65420914,..,..,..,28.38142967,..,..,..,..,..,..,..,..,..,..,26.00299072,22.31155014,..,..,..,..
"Literacy rate, adult total (% of people ages 15 and above)",SE.ADT.LITR.ZS,Channel Islands,CHI,..,..,..,..,..,..,..,..,..,..,..,..,..,..,..,..,..,..,..,..,..,..,..,..,..,..,..,..,..,..,..,..,..,..,..,..,..,..,..,..,..,..,..,..,..,..,..,..,..,..,..,..,..,..,..,..,..,..,..,..,..
"Literacy rate, adult total (% of people ages 15 and above)",SE.ADT.LITR.ZS,Chile,CHL,..,..,..,..,..,..,..,..,..,..,..,..,..,..,..,..,..,..,..,..,..,..,91.12840271,..,..,..,..,..,..,..,..,..,94.2911377,..,..,..,..,..,..,..,..,..,95.7166214,..,..,..,..,..,97.72245026,97.66423035,96.81860352,96.70301056,..,96.26705933,..,96.87413025,..,96.40228271,..,..,..
"Literacy rate, adult total (% of people ages 15 and above)",SE.ADT.LITR.ZS,China,CHN,..,..,..,..,..,..,..,..,..,..,..,..,..,..,..,..,..,..,..,..,..,..,65.50508881,..,..,..,..,..,..,..,77.78505707,..,..,..,..,..,..,..,..,..,90.92021179,..,..,..,..,..,..,..,..,..,95.1244812,..,..,..,..,..,..,..,96.84088898,..,..
"Literacy rate, adult total (% of people ages 15 and above)",SE.ADT.LITR.ZS,Colombia,COL,..,..,..,..,..,..,..,..,..,..,..,..,..,..,..,..,..,..,..,..,..,..,..,..,..,..,..,..,..,..,..,..,..,91.06308746,..,..,91.20716095,..,..,..,..,..,..,..,92.8037796,92.84866333,92.29968262,92.6517868,93.37818146,93.24468994,93.37232971,93.58052826,..,..,94.18624878,94.24504852,94.65384674,..,95.09250641,..,..
"Literacy rate, adult total (% of people ages 15 and above)",SE.ADT.LITR.ZS,Comoros,COM,..,..,..,..,..,..,..,..,..,..,..,..,..,..,..,..,..,..,..,..,47.91923141,..,..,..,..,..,..,..,..,..,..,..,..,..,..,..,..,..,..,..,68.48922729,..,..,..,..,..,..,..,..,..,..,..,49.19614029,..,..,..,..,..,58.81702042,..,..
"Literacy rate, adult total (% of people ages 15 and above)",SE.ADT.LITR.ZS,"Congo, Dem. Rep.",COD,..,..,..,..,..,..,..,..,..,..,..,..,..,..,..,..,..,..,..,..,..,..,..,..,..,..,..,..,..,..,..,..,..,..,..,..,..,..,..,..,..,67.17298889,..,..,..,..,..,61.20555115,..,..,..,..,75.01718903,..,..,..,77.04267883,..,..,..,..
"Literacy rate, adult total (% of people ages 15 and above)",SE.ADT.LITR.ZS,"Congo, Rep.",COG,..,..,..,..,..,..,..,..,..,..,..,..,..,..,..,..,..,..,..,..,..,..,..,..,59.61912155,..,..,..,..,..,..,..,..,..,..,..,..,..,..,..,..,..,..,..,..,76.11479187,..,..,..,..,..,79.31117249,..,..,..,..,..,..,80.29875946,..,..
"Literacy rate, adult total (% of people ages 15 and above)",SE.ADT.LITR.ZS,Costa Rica,CRI,..,..,..,..,..,..,..,..,..,..,..,..,..,..,..,..,..,..,..,..,..,..,..,..,92.62904358,..,..,..,..,..,..,..,..,..,..,..,..,..,..,..,94.86818695,..,..,..,..,..,..,..,..,..,..,97.40657806,..,..,..,..,..,..,97.86379242,..,..
"Literacy rate, adult total (% of people ages 15 and above)",SE.ADT.LITR.ZS,Cote d'Ivoire,CIV,..,..,..,..,..,..,..,..,..,..,..,..,..,..,..,..,..,..,..,..,..,..,..,..,..,..,..,..,34.13927841,..,..,..,..,..,..,..,..,..,36.3502388,..,48.7407608,..,..,..,..,..,..,..,..,..,..,..,40.98162842,..,43.90842056,..,..,..,47.16535187,..,..
"Literacy rate, adult total (% of people ages 15 and above)",SE.ADT.LITR.ZS,Croatia,HRV,..,..,..,..,..,..,..,..,..,..,..,..,..,..,..,..,..,..,..,..,..,..,..,..,..,..,..,..,..,..,..,96.70155334,..,..,..,..,..,..,..,..,..,98.14668274,..,..,..,..,..,..,..,..,..,99.12535858,..,..,..,..,..,..,..,..,..
"Literacy rate, adult total (% of people ages 15 and above)",SE.ADT.LITR.ZS,Cuba,CUB,..,..,..,..,..,..,..,..,..,..,..,..,..,..,..,..,..,..,..,..,..,97.84664917,..,..,..,..,..,..,..,..,..,..,..,..,..,..,..,..,..,..,..,..,99.79907227,..,..,..,..,..,..,..,..,..,99.75253296,..,..,..,..,..,..,..,..
"Literacy rate, adult total (% of people ages 15 and above)",SE.ADT.LITR.ZS,Curacao,CUW,..,..,..,..,..,..,..,..,..,..,..,..,..,..,..,..,..,..,..,..,..,..,..,..,..,..,..,..,..,..,..,..,..,..,..,..,..,..,..,..,..,..,..,..,..,..,..,..,..,..,..,..,..,..,..,..,..,..,..,..,..
"Literacy rate, adult total (% of people ages 15 and above)",SE.ADT.LITR.ZS,Cyprus,CYP,..,..,..,..,..,..,..,..,..,..,..,..,..,..,..,..,..,..,..,..,..,..,..,..,..,..,..,..,..,..,..,..,94.36247253,..,..,..,..,..,..,..,..,96.80362701,..,..,..,..,..,..,..,..,..,98.67842865,..,..,..,..,..,..,..,..,..
"Literacy rate, adult total (% of people ages 15 and above)",SE.ADT.LITR.ZS,Czech Republic,CZE,..,..,..,..,..,..,..,..,..,..,..,..,..,..,..,..,..,..,..,..,..,..,..,..,..,..,..,..,..,..,..,..,..,..,..,..,..,..,..,..,..,..,..,..,..,..,..,..,..,..,..,..,..,..,..,..,99.8330307,..,..,..,..
"Literacy rate, adult total (% of people ages 15 and above)",SE.ADT.LITR.ZS,Denmark,DNK,..,..,..,..,..,..,..,..,..,..,..,..,..,..,..,..,..,..,..,..,..,..,..,..,..,..,..,..,..,..,..,..,..,..,..,..,..,..,..,..,..,..,..,..,..,..,..,..,..,..,..,..,..,..,..,..,..,..,..,..,..
"Literacy rate, adult total (% of people ages 15 and above)",SE.ADT.LITR.ZS,Djibouti,DJI,..,..,..,..,..,..,..,..,..,..,..,..,..,..,..,..,..,..,..,..,..,..,..,..,..,..,..,..,..,..,..,..,..,..,..,..,..,..,..,..,..,..,..,..,..,..,..,..,..,..,..,..,..,..,..,..,..,..,..,..,..
"Literacy rate, adult total (% of people ages 15 and above)",SE.ADT.LITR.ZS,Dominica,DMA,..,..,..,..,..,..,..,..,..,..,..,..,..,..,..,..,..,..,..,..,..,..,..,..,..,..,..,..,..,..,..,..,..,..,..,..,..,..,..,..,..,..,..,..,..,..,..,..,..,..,..,..,..,..,..,..,..,..,..,..,..
"Literacy rate, adult total (% of people ages 15 and above)",SE.ADT.LITR.ZS,Dominican Republic,DOM,..,..,..,..,..,..,..,..,..,..,..,..,..,..,..,..,..,..,..,..,..,73.06456757,..,..,..,..,..,..,..,..,..,..,..,..,..,..,..,..,..,..,..,..,86.99646759,..,..,..,..,88.24446106,..,..,89.53872681,90.10637665,90.15518188,90.85814667,91.76376343,91.99121094,93.77845764,..,..,..,..
"Literacy rate, adult total (% of people ages 15 and above)",SE.ADT.LITR.ZS,Ecuador,ECU,..,..,..,..,..,..,..,..,..,..,..,..,..,..,..,..,..,..,..,..,..,..,83.5526886,..,..,..,..,..,..,..,88.29875946,..,..,..,..,..,..,..,..,..,..,90.98403168,..,..,..,..,..,92.0967865,92.3900528,92.24976349,91.85404205,91.5868988,92.06472778,93.29463196,94.22264099,94.45565796,94.35022736,92.82978821,..,..,..
"Literacy rate, adult total (% of people ages 15 and above)",SE.ADT.LITR.ZS,"Egypt, Arab Rep.",EGY,..,..,..,..,..,..,..,..,..,..,..,..,..,..,..,..,38.19675827,..,..,..,..,..,..,..,..,..,44.42398834,..,..,..,..,..,..,..,..,..,55.5870018,..,..,..,..,..,..,..,..,67.33187103,66.36991119,..,..,..,72.04785156,..,73.86559296,72.44249725,..,..,..,71.16825104,..,..,..
"Literacy rate, adult total (% of people ages 15 and above)",SE.ADT.LITR.ZS,El Salvador,SLV,..,..,..,..,..,..,..,..,..,..,..,..,..,..,..,..,..,..,..,..,..,..,..,..,..,..,..,..,..,..,..,..,74.14315796,..,..,..,..,..,..,..,..,..,..,..,..,..,83.5594635,82.02863312,83.95130157,84.10289001,84.49272156,85.49398804,..,86.76757813,..,87.96984863,88.14176941,88.48271179,89.00859833,..,..
"Literacy rate, adult total (% of people ages 15 and above)",SE.ADT.LITR.ZS,Equatorial Guinea,GNQ,..,..,..,..,..,..,..,..,..,..,..,..,..,..,..,..,..,..,..,..,..,..,..,..,..,..,..,..,..,..,..,..,..,..,..,..,..,..,..,..,88.3082962,..,..,..,..,..,..,..,..,..,94.3705368,..,..,..,..,..,..,..,..,..,..
"Literacy rate, adult total (% of people ages 15 and above)",SE.ADT.LITR.ZS,Eritrea,ERI,..,..,..,..,..,..,..,..,..,..,..,..,..,..,..,..,..,..,..,..,..,..,..,..,..,..,..,..,..,..,..,..,..,..,..,..,..,..,..,..,..,..,52.51395035,..,..,..,..,..,64.6629715,..,..,..,..,..,..,..,..,..,76.57051849,..,..
"Literacy rate, adult total (% of people ages 15 and above)",SE.ADT.LITR.ZS,Estonia,EST,..,..,..,..,..,..,..,..,..,..,..,..,..,..,..,..,..,..,..,..,..,..,..,..,..,..,..,..,..,99.72644043,..,..,..,..,..,..,..,..,..,..,99.76719666,..,..,..,..,..,..,..,..,..,..,99.88578796,..,..,..,..,..,..,..,..,..
"Literacy rate, adult total (% of people ages 15 and above)",SE.ADT.LITR.ZS,Eswatini,SWZ,..,..,..,..,..,..,..,..,..,..,..,..,..,..,..,..,55.32503891,..,..,..,..,..,..,..,..,..,67.23937988,..,..,..,..,..,..,..,..,..,..,..,..,..,81.66069794,..,..,..,..,..,..,..,..,..,83.09828949,..,..,..,..,..,..,..,88.41938019,..,..
"Literacy rate, adult total (% of people ages 15 and above)",SE.ADT.LITR.ZS,Ethiopia,ETH,..,..,..,..,..,..,..,..,..,..,..,..,..,..,..,..,..,..,..,..,..,..,..,..,..,..,..,..,..,..,..,..,..,..,27.01135063,..,..,..,..,..,..,..,..,..,35.90000153,29.8203392,..,38.99597931,..,..,..,..,..,..,..,..,..,51.7711792,..,..,..
"Literacy rate, adult total (% of people ages 15 and above)",SE.ADT.LITR.ZS,Faroe Islands,FRO,..,..,..,..,..,..,..,..,..,..,..,..,..,..,..,..,..,..,..,..,..,..,..,..,..,..,..,..,..,..,..,..,..,..,..,..,..,..,..,..,..,..,..,..,..,..,..,..,..,..,..,..,..,..,..,..,..,..,..,..,..
"Literacy rate, adult total (% of people ages 15 and above)",SE.ADT.LITR.ZS,Fiji,FJI,..,..,..,..,..,..,..,..,..,..,..,..,..,..,..,..,..,..,..,..,..,..,..,..,..,..,..,..,..,..,..,..,..,..,..,..,92.94288635,..,..,..,..,..,..,..,..,..,..,..,..,..,..,..,..,..,..,..,..,99.08210754,..,..,..
"Literacy rate, adult total (% of people ages 15 and above)",SE.ADT.LITR.ZS,Finland,FIN,..,..,..,..,..,..,..,..,..,..,..,..,..,..,..,..,..,..,..,..,..,..,..,..,..,..,..,..,..,..,..,..,..,..,..,..,..,..,..,..,..,..,..,..,..,..,..,..,..,..,..,..,..,..,..,..,..,..,..,..,..
"Literacy rate, adult total (% of people ages 15 and above)",SE.ADT.LITR.ZS,France,FRA,..,..,..,..,..,..,..,..,..,..,..,..,..,..,..,..,..,..,..,..,..,..,..,..,..,..,..,..,..,..,..,..,..,..,..,..,..,..,..,..,..,..,..,..,..,..,..,..,..,..,..,..,..,..,..,..,..,..,..,..,..
"Literacy rate, adult total (% of people ages 15 and above)",SE.ADT.LITR.ZS,French Polynesia,PYF,..,..,..,..,..,..,..,..,..,..,..,..,..,..,..,..,..,..,..,..,..,..,..,..,..,..,..,..,..,..,..,..,..,..,..,..,..,..,..,..,..,..,..,..,..,..,..,..,..,..,..,..,..,..,..,..,..,..,..,..,..
"Literacy rate, adult total (% of people ages 15 and above)",SE.ADT.LITR.ZS,Gabon,GAB,..,..,..,..,..,..,..,..,..,..,..,..,..,..,..,..,..,..,..,..,..,..,..,..,..,..,..,..,..,..,..,..,..,72.2336731,..,..,..,..,..,..,..,..,..,..,..,..,..,..,..,..,..,..,82.28379822,..,..,..,..,..,84.66716003,..,..
"Literacy rate, adult total (% of people ages 15 and above)",SE.ADT.LITR.ZS,"Gambia, The",GMB,..,..,..,..,..,..,..,..,..,..,..,..,..,..,..,..,..,..,..,..,..,..,..,..,..,..,..,..,..,..,..,..,..,..,..,..,..,..,..,..,36.81772995,..,..,..,..,..,..,..,..,..,..,..,..,41.95005035,..,50.77796936,..,..,..,..,..
"Literacy rate, adult total (% of people ages 15 and above)",SE.ADT.LITR.ZS,Georgia,GEO,..,..,..,..,..,..,..,..,..,..,..,..,..,..,..,..,..,..,..,..,..,..,..,..,..,..,..,..,..,..,..,..,..,..,..,..,..,..,..,..,..,..,99.65235138,..,..,..,..,..,..,..,..,..,..,..,99.58618927,..,..,99.36425781,..,..,..
"Literacy rate, adult total (% of people ages 15 and above)",SE.ADT.LITR.ZS,Germany,DEU,..,..,..,..,..,..,..,..,..,..,..,..,..,..,..,..,..,..,..,..,..,..,..,..,..,..,..,..,..,..,..,..,..,..,..,..,..,..,..,..,..,..,..,..,..,..,..,..,..,..,..,..,..,..,..,..,..,..,..,..,..
"Literacy rate, adult total (% of people ages 15 and above)",SE.ADT.LITR.ZS,Ghana,GHA,..,..,..,..,..,..,..,..,..,..,..,..,..,..,..,..,..,..,..,..,..,..,..,..,..,..,..,..,..,..,..,..,..,..,..,..,..,..,..,..,57.89746857,..,..,..,..,..,..,..,..,..,71.49707031,..,..,..,..,..,..,..,79.03964233,..,..
"Literacy rate, adult total (% of people ages 15 and above)",SE.ADT.LITR.ZS,Gibraltar,GIB,..,..,..,..,..,..,..,..,..,..,..,..,..,..,..,..,..,..,..,..,..,..,..,..,..,..,..,..,..,..,..,..,..,..,..,..,..,..,..,..,..,..,..,..,..,..,..,..,..,..,..,..,..,..,..,..,..,..,..,..,..
"Literacy rate, adult total (% of people ages 15 and above)",SE.ADT.LITR.ZS,Greece,GRC,..,..,..,..,..,..,..,..,..,..,..,..,..,..,..,..,..,..,..,..,..,90.51232147,..,..,..,..,..,..,..,..,..,92.61045074,..,..,..,..,..,..,..,..,..,95.99436188,..,..,..,93.04431152,..,93.93154907,..,93.90511322,..,97.36873627,..,..,..,..,..,..,97.93595123,..,..
"Literacy rate, adult total (% of people ages 15 and above)",SE.ADT.LITR.ZS,Greenland,GRL,..,..,..,..,..,..,..,..,..,..,..,..,..,..,..,..,..,..,..,..,..,..,..,..,..,..,..,..,..,..,..,..,..,..,..,..,..,..,..,..,..,..,..,..,..,..,..,..,..,..,..,..,..,..,..,..,..,..,..,..,..
"Literacy rate, adult total (% of people ages 15 and above)",SE.ADT.LITR.ZS,Grenada,GRD,..,..,..,..,..,..,..,..,..,..,97.79447174,..,..,..,..,..,..,..,..,..,..,..,..,..,98.59999847,..,..,..,..,..,..,..,..,..,98.59999847,..,..,..,..,..,..,..,..,..,98.59999847,..,..,..,..,..,..,..,..,..,98.59999847,..,..,..,..,..,..
"Literacy rate, adult total (% of people ages 15 and above)",SE.ADT.LITR.ZS,Guam,GUM,..,..,..,..,..,..,..,..,..,..,..,..,..,..,..,..,..,..,..,..,96.42064667,..,..,..,..,..,..,..,..,..,99.36914825,..,..,..,..,..,..,..,..,..,..,..,..,..,..,..,..,..,..,..,..,..,..,..,..,..,..,..,..,..,..
"Literacy rate, adult total (% of people ages 15 and above)",SE.ADT.LITR.ZS,Guatemala,GTM,..,..,..,..,..,..,..,..,..,..,..,..,..,..,..,..,..,..,..,..,..,..,..,..,..,..,..,..,..,..,..,..,..,..,64.2116394,..,..,..,..,..,..,..,69.10173035,..,..,..,..,..,..,..,..,..,78.26486206,77.0386734,81.2858963,..,..,..,..,..,..
"Literacy rate, adult total (% of people ages 15 and above)",SE.ADT.LITR.ZS,Guinea,GIN,..,..,..,..,..,..,..,..,..,..,..,..,..,..,..,..,..,..,..,..,..,..,..,..,..,..,..,..,..,..,..,..,..,..,..,..,20.55374908,..,..,..,..,..,..,29.70401955,..,..,..,..,..,..,25.30773926,..,..,..,32.0038414,..,..,..,..,..,..
"Literacy rate, adult total (% of people ages 15 and above)",SE.ADT.LITR.ZS,Guinea-Bissau,GNB,..,..,..,..,..,..,..,..,..,..,..,..,..,..,..,..,..,..,..,19.95825005,..,..,..,..,..,..,..,..,..,..,..,..,..,..,..,..,..,..,..,..,41.35776901,..,..,..,..,..,..,..,..,..,..,..,..,..,45.5811615,..,..,..,..,..,..
"Literacy rate, adult total (% of people ages 15 and above)",SE.ADT.LITR.ZS,Guyana,GUY,..,..,..,..,..,..,..,..,..,..,..,..,..,..,..,..,..,..,..,..,..,..,..,..,..,..,..,..,..,..,..,..,..,..,..,..,..,..,..,..,..,..,..,..,..,..,..,..,..,84.99401093,..,..,..,..,85.63973236,..,..,..,..,..,..
"Literacy rate, adult total (% of people ages 15 and above)",SE.ADT.LITR.ZS,Haiti,HTI,..,..,..,..,..,..,..,..,..,..,..,..,..,..,..,..,..,..,..,..,..,..,34.73469162,..,..,..,..,..,..,..,..,..,..,..,..,..,..,..,..,..,..,..,..,58.7439003,..,..,48.68502045,..,..,..,..,..,..,..,..,..,61.69134903,..,..,..,..
"Literacy rate, adult total (% of people ages 15 and above)",SE.ADT.LITR.ZS,Honduras,HND,..,..,..,..,..,..,..,..,..,..,..,..,..,..,..,..,..,..,..,..,..,..,..,..,..,..,..,..,..,..,..,..,..,..,..,..,..,..,..,..,..,80.0110321,..,..,..,..,..,83.58898926,..,..,84.75536346,85.12329865,85.35555267,85.4644165,87.19753265,87.90682983,88.98748016,..,87.20523834,..,..
"Literacy rate, adult total (% of people ages 15 and above)",SE.ADT.LITR.ZS,"Hong Kong SAR, China",HKG,..,..,..,..,..,..,..,..,..,..,..,..,..,..,..,..,..,..,..,..,..,..,..,..,..,..,..,..,..,..,..,..,..,..,..,..,..,..,..,..,..,..,..,..,..,..,..,..,..,..,..,..,..,..,..,..,..,..,..,..,..
"Literacy rate, adult total (% of people ages 15 and above)",SE.ADT.LITR.ZS,Hungary,HUN,..,..,..,..,..,..,..,..,..,..,..,..,..,..,..,..,..,..,..,..,98.85829163,..,..,..,..,..,..,..,..,..,..,..,..,..,..,..,..,..,..,..,..,..,..,..,..,..,..,..,..,..,..,..,..,..,99.09999847,..,..,..,..,..,..
"Literacy rate, adult total (% of people ages 15 and above)",SE.ADT.LITR.ZS,Iceland,ISL,..,..,..,..,..,..,..,..,..,..,..,..,..,..,..,..,..,..,..,..,..,..,..,..,..,..,..,..,..,..,..,..,..,..,..,..,..,..,..,..,..,..,..,..,..,..,..,..,..,..,..,..,..,..,..,..,..,..,..,..,..
"Literacy rate, adult total (% of people ages 15 and above)",SE.ADT.LITR.ZS,India,IND,..,..,..,..,..,..,..,..,..,..,..,..,..,..,..,..,..,..,..,..,..,40.76359177,..,..,..,..,..,..,..,..,..,48.22206879,..,..,..,..,..,..,..,..,..,61.0145607,..,..,..,..,62.75447083,..,..,..,..,69.3025589,..,..,..,..,..,..,74.37299347,..,..
"Literacy rate, adult total (% of people ages 15 and above)",SE.ADT.LITR.ZS,Indonesia,IDN,..,..,..,..,..,..,..,..,..,..,..,..,..,..,..,..,..,..,..,..,67.31266785,..,..,..,..,..,..,..,..,..,81.51985168,..,..,..,..,..,..,..,..,..,..,..,..,..,90.38478851,..,91.98226929,..,92.19229889,92.58170319,..,92.81191254,..,..,95.11621857,95.21793365,95.37696838,..,95.65856171,..,..
"Literacy rate, adult total (% of people ages 15 and above)",SE.ADT.LITR.ZS,"Iran, Islamic Rep.",IRN,..,..,..,..,..,..,..,..,..,..,..,..,..,..,..,..,36.51839828,..,..,..,..,..,..,..,..,..,52.31975937,..,..,..,..,65.53140259,..,..,..,..,73.06024933,..,..,..,..,..,77,..,..,82.44120026,82.33132172,..,82.96230316,..,..,..,83.62599182,84.62680054,84.70523834,..,85.54425049,..,..,..,..
"Literacy rate, adult total (% of people ages 15 and above)",SE.ADT.LITR.ZS,Iraq,IRQ,..,..,..,..,..,..,..,..,..,..,..,..,..,..,..,..,..,..,..,..,..,..,..,..,..,..,..,..,..,..,..,..,..,..,..,..,..,..,..,..,74.05220032,..,..,..,..,..,..,..,..,..,..,..,77.19999695,72.69999695,82.19999695,..,83.30000305,85.59999847,..,..,..
"Literacy rate, adult total (% of people ages 15 and above)",SE.ADT.LITR.ZS,Ireland,IRL,..,..,..,..,..,..,..,..,..,..,..,..,..,..,..,..,..,..,..,..,..,..,..,..,..,..,..,..,..,..,..,..,..,..,..,..,..,..,..,..,..,..,..,..,..,..,..,..,..,..,..,..,..,..,..,..,..,..,..,..,..
"Literacy rate, adult total (% of people ages 15 and above)",SE.ADT.LITR.ZS,Isle of Man,IMN,..,..,..,..,..,..,..,..,..,..,..,..,..,..,..,..,..,..,..,..,..,..,..,..,..,..,..,..,..,..,..,..,..,..,..,..,..,..,..,..,..,..,..,..,..,..,..,..,..,..,..,..,..,..,..,..,..,..,..,..,..
"Literacy rate, adult total (% of people ages 15 and above)",SE.ADT.LITR.ZS,Israel,ISR,..,..,..,..,..,..,..,..,..,..,..,..,..,..,..,..,..,..,..,..,..,..,..,91.75141144,..,..,..,..,..,..,..,..,..,..,..,..,..,..,..,..,..,..,..,..,..,..,..,..,..,..,..,..,..,..,..,..,..,..,..,..,..
"Literacy rate, adult total (% of people ages 15 and above)",SE.ADT.LITR.ZS,Italy,ITA,..,..,..,..,..,..,..,..,..,..,..,..,..,..,..,..,..,..,..,..,..,96.46054077,..,..,..,..,..,..,..,..,..,..,..,..,..,..,..,..,..,..,..,98.41661835,..,..,..,..,..,..,..,..,..,98.84828186,..,..,..,..,..,..,99.15576172,..,..
"Literacy rate, adult total (% of people ages 15 and above)",SE.ADT.LITR.ZS,Jamaica,JAM,..,..,..,..,..,..,..,..,..,..,..,..,..,..,..,..,..,..,..,..,..,..,..,..,..,..,..,..,..,..,..,..,..,..,..,..,..,..,..,79.92012024,..,..,..,..,..,..,..,..,..,..,..,..,..,..,88.09999847,..,..,..,..,..,..
"Literacy rate, adult total (% of people ages 15 and above)",SE.ADT.LITR.ZS,Japan,JPN,..,..,..,..,..,..,..,..,..,..,..,..,..,..,..,..,..,..,..,..,..,..,..,..,..,..,..,..,..,..,..,..,..,..,..,..,..,..,..,..,..,..,..,..,..,..,..,..,..,..,..,..,..,..,..,..,..,..,..,..,..
"Literacy rate, adult total (% of people ages 15 and above)",SE.ADT.LITR.ZS,Jordan,JOR,..,..,..,..,..,..,..,..,..,..,..,..,..,..,..,..,..,..,..,66.79680634,..,..,..,..,..,..,..,..,..,..,..,..,..,..,..,..,..,..,..,..,..,..,..,89.89231873,..,91.13075256,..,92.19957733,..,..,92.55104065,95.90444946,97.89031982,..,..,..,..,..,98.22711182,..,..
"Literacy rate, adult total (% of people ages 15 and above)",SE.ADT.LITR.ZS,Kazakhstan,KAZ,..,..,..,..,..,..,..,..,..,..,..,..,..,..,..,..,..,..,..,..,..,..,..,..,..,..,..,..,..,97.5293808,..,..,..,..,..,..,..,..,..,99.51265717,..,..,..,..,..,..,..,..,..,99.73240662,99.78163147,..,..,..,..,..,..,..,99.78163147,..,..
"Literacy rate, adult total (% of people ages 15 and above)",SE.ADT.LITR.ZS,Kenya,KEN,..,..,..,..,..,..,..,..,..,..,..,..,..,..,..,..,..,..,..,..,..,..,..,..,..,..,..,..,..,..,..,..,..,..,..,..,..,..,..,..,82.2290802,..,..,..,..,..,..,72.1570282,..,..,..,..,..,..,78.73303986,..,..,..,81.53497314,..,..
"Literacy rate, adult total (% of people ages 15 and above)",SE.ADT.LITR.ZS,Kiribati,KIR,..,..,..,..,..,..,..,..,..,..,..,..,..,..,..,..,..,..,..,..,..,..,..,..,..,..,..,..,..,..,..,..,..,..,..,..,..,..,..,..,..,..,..,..,..,..,..,..,..,..,..,..,..,..,..,..,..,..,..,..,..
"Literacy rate, adult total (% of people ages 15 and above)",SE.ADT.LITR.ZS,"Korea, Dem. People’s Rep.",PRK,..,..,..,..,..,..,..,..,..,..,..,..,..,..,..,..,..,..,..,..,..,..,..,..,..,..,..,..,..,..,..,..,..,..,..,..,..,..,..,..,..,..,..,..,..,..,..,..,99.99819183,..,..,..,..,..,..,..,..,..,..,..,..
"Literacy rate, adult total (% of people ages 15 and above)",SE.ADT.LITR.ZS,"Korea, Rep.",KOR,..,..,..,..,..,..,..,..,..,..,..,..,..,..,..,..,..,..,..,..,..,..,..,..,..,..,..,..,..,..,..,..,..,..,..,..,..,..,..,..,..,..,..,..,..,..,..,..,97.96594238,..,..,..,..,..,..,..,..,..,..,..,..
"Literacy rate, adult total (% of people ages 15 and above)",SE.ADT.LITR.ZS,Kosovo,XKX,..,..,..,..,..,..,..,..,..,..,..,..,..,..,..,..,..,..,..,..,..,..,..,..,..,..,..,..,..,..,..,..,..,..,..,..,..,..,..,..,..,..,..,..,..,..,..,..,..,..,..,..,..,..,..,..,..,..,..,..,..
"Literacy rate, adult total (% of people ages 15 and above)",SE.ADT.LITR.ZS,Kuwait,KWT,..,..,..,..,..,..,..,..,..,..,..,..,..,..,..,59.56438828,..,..,..,..,67.51766205,..,..,..,..,74.49086761,..,..,..,..,..,..,..,..,..,78.39550018,..,..,..,..,..,..,..,..,..,93.27445984,93.28211975,93.6641922,93.89830017,..,94.4690094,..,95.51316833,95.58582306,..,95.68544769,..,96.03594971,96.05647278,..,..
"Literacy rate, adult total (% of people ages 15 and above)",SE.ADT.LITR.ZS,Kyrgyz Republic,KGZ,..,..,..,..,..,..,..,..,..,..,..,..,..,..,..,..,..,..,..,..,..,..,..,..,..,..,..,..,..,..,..,..,..,..,..,..,..,..,..,98.70160675,..,..,..,..,..,..,..,..,..,99.24343109,..,..,..,..,..,..,..,..,99.58599854,..,..
"Literacy rate, adult total (% of people ages 15 and above)",SE.ADT.LITR.ZS,Lao PDR,LAO,..,..,..,..,..,..,..,..,..,..,..,..,..,..,..,..,..,..,..,..,..,..,..,..,..,..,..,..,..,..,..,..,..,..,..,60.25133133,..,..,..,..,69.58312225,68.73439026,..,..,..,72.70226288,..,..,..,..,..,58.28794098,..,..,..,84.66104126,..,..,..,..,..
"Literacy rate, adult total (% of people ages 15 and above)",SE.ADT.LITR.ZS,Latvia,LVA,..,..,..,..,..,..,..,..,..,..,..,..,..,..,..,..,..,..,..,..,..,..,..,..,..,..,..,..,..,99.45230103,..,..,..,..,..,..,..,..,..,..,99.74656677,..,..,..,..,..,..,..,..,..,..,99.89589691,..,..,..,..,..,..,99.88931274,..,..
"Literacy rate, adult total (% of people ages 15 and above)",SE.ADT.LITR.ZS,Lebanon,LBN,..,..,..,..,..,..,..,..,..,..,..,..,..,..,..,..,..,..,..,..,..,..,..,..,..,..,..,..,..,..,..,..,..,..,..,..,..,..,..,..,..,..,..,..,..,..,..,89.61244202,..,91.18418884,..,..,..,..,..,..,..,..,95.06944275,..,..
"Literacy rate, adult total (% of people ages 15 and above)",SE.ADT.LITR.ZS,Lesotho,LSO,..,..,..,..,..,..,..,..,..,..,..,..,..,..,..,..,..,..,..,..,..,..,..,..,..,..,..,..,..,..,..,..,..,..,..,..,..,..,..,..,86.25443268,..,..,..,..,..,..,..,..,75.80020142,..,..,..,..,76.6352005,..,..,..,..,..,..
"Literacy rate, adult total (% of people ages 15 and above)",SE.ADT.LITR.ZS,Liberia,LBR,..,..,..,..,..,..,..,..,..,..,..,..,..,..,..,..,..,..,..,..,..,..,..,..,32.10676956,..,..,..,..,..,..,..,..,..,..,..,..,..,..,..,..,..,..,..,..,..,..,42.94107819,..,..,..,..,..,..,..,..,..,48.30136108,..,..,..
"Literacy rate, adult total (% of people ages 15 and above)",SE.ADT.LITR.ZS,Libya,LBY,..,..,..,..,..,..,..,..,..,..,..,..,..,..,..,..,..,..,..,..,..,..,..,..,60.16439056,..,..,..,..,..,..,..,..,..,76.5,..,..,..,..,..,..,..,..,..,86.09999847,..,..,..,..,..,..,..,..,..,..,..,..,..,..,..,..
"Literacy rate, adult total (% of people ages 15 and above)",SE.ADT.LITR.ZS,Liechtenstein,LIE,..,..,..,..,..,..,..,..,..,..,..,..,..,..,..,..,..,..,..,..,..,..,..,..,..,..,..,..,..,..,..,..,..,..,..,..,..,..,..,..,..,..,..,..,..,..,..,..,..,..,..,..,..,..,..,..,..,..,..,..,..
"Literacy rate, adult total (% of people ages 15 and above)",SE.ADT.LITR.ZS,Lithuania,LTU,..,..,..,..,..,..,..,..,..,..,..,..,..,..,..,..,..,..,..,..,..,..,..,..,..,..,..,..,..,98.44126892,..,..,..,..,..,..,..,..,..,..,..,99.64575195,..,..,..,..,..,..,..,..,..,99.81559753,..,..,..,..,..,..,..,..,..
"Literacy rate, adult total (% of people ages 15 and above)",SE.ADT.LITR.ZS,Luxembourg,LUX,..,..,..,..,..,..,..,..,..,..,..,..,..,..,..,..,..,..,..,..,..,..,..,..,..,..,..,..,..,..,..,..,..,..,..,..,..,..,..,..,..,..,..,..,..,..,..,..,..,..,..,..,..,..,..,..,..,..,..,..,..
"Literacy rate, adult total (% of people ages 15 and above)",SE.ADT.LITR.ZS,"Macao SAR, China",MAC,..,..,..,..,..,..,..,..,..,..,..,..,..,..,..,..,..,..,..,..,..,90.37818146,..,..,..,..,..,..,..,..,..,..,..,..,..,..,..,..,..,..,..,91.29537201,..,..,..,..,93.49974823,..,..,..,..,95.64003754,..,..,..,..,96.5384903,..,..,..,..
"Literacy rate, adult total (% of people ages 15 and above)",SE.ADT.LITR.ZS,Madagascar,MDG,..,..,..,..,..,..,..,..,..,..,..,..,..,..,..,..,..,..,..,..,..,..,..,..,..,..,..,..,..,..,..,..,..,..,..,..,..,..,..,..,70.68617249,..,..,..,..,58.93593979,..,..,..,64.48091125,..,..,71.57261658,..,..,..,..,..,74.80432129,..,..
"Literacy rate, adult total (% of people ages 15 and above)",SE.ADT.LITR.ZS,Malawi,MWI,..,..,..,..,..,..,..,..,..,..,..,..,..,..,..,..,..,..,..,..,..,..,..,..,..,..,..,48.53665161,..,..,..,..,..,..,..,..,..,..,64.13424683,..,..,..,..,..,..,..,..,..,..,..,61.30971909,..,..,..,65.14537048,62.14353943,..,..,..,..,..
"Literacy rate, adult total (% of people ages 15 and above)",SE.ADT.LITR.ZS,Malaysia,MYS,..,..,..,..,..,..,..,..,..,..,..,..,..,..,..,..,..,..,..,..,69.5163269,..,..,..,..,..,..,..,..,..,..,82.91536713,..,..,..,..,..,..,..,..,88.6877594,..,..,..,..,..,..,..,..,..,93.1178894,..,..,..,..,..,94.88057709,95.08264923,94.85440826,..,..
"Literacy rate, adult total (% of people ages 15 and above)",SE.ADT.LITR.ZS,Maldives,MDV,..,..,..,..,..,..,..,..,..,..,..,..,..,..,..,..,..,82.29995728,..,..,..,..,..,..,..,92.23004913,..,..,..,..,96.01825714,..,..,..,..,96.32649994,..,..,..,..,..,..,..,..,..,..,98.39790344,..,..,..,..,..,..,..,98.61012268,..,97.7349472,..,..,..,..
"Literacy rate, adult total (% of people ages 15 and above)",SE.ADT.LITR.ZS,Mali,MLI,..,..,..,..,..,..,..,..,..,..,..,..,..,..,..,..,9.433810234,..,..,..,..,..,..,..,..,..,..,..,..,..,..,..,..,..,..,..,..,..,19.04496956,..,..,..,..,24,..,..,26.17654991,..,..,..,31.09975052,30.61866951,..,..,..,33.06888962,..,..,35.47377014,..,..
"Literacy rate, adult total (% of people ages 15 and above)",SE.ADT.LITR.ZS,Malta,MLT,..,..,..,..,..,..,..,..,..,..,..,..,..,..,..,..,..,..,..,..,..,..,..,..,..,86.92984009,..,..,..,..,..,..,..,..,..,87.86869812,..,..,..,..,..,..,..,..,..,92.36309052,..,..,..,..,..,93.30735779,..,..,..,..,..,..,94.50318909,..,..
"Literacy rate, adult total (% of people ages 15 and above)",SE.ADT.LITR.ZS,Marshall Islands,MHL,..,..,..,..,..,..,..,..,..,..,..,..,..,..,..,..,..,..,..,..,..,..,..,..,..,..,..,..,..,..,..,..,..,..,..,..,..,..,..,..,..,..,..,..,..,..,..,..,..,..,..,98.26508331,..,..,..,..,..,..,..,..,..
"Literacy rate, adult total (% of people ages 15 and above)",SE.ADT.LITR.ZS,Mauritania,MRT,..,..,..,..,..,..,..,..,..,..,..,..,..,..,..,..,..,..,..,..,..,..,..,..,..,..,..,..,..,..,..,..,..,..,..,..,..,..,..,..,51.20767975,..,..,..,..,..,..,45.50378036,..,..,..,..,..,..,..,..,..,53.49758911,..,..,..
"Literacy rate, adult total (% of people ages 15 and above)",SE.ADT.LITR.ZS,Mauritius,MUS,..,..,..,..,..,..,..,..,..,..,..,..,..,..,..,..,..,..,..,..,..,..,..,..,..,..,..,..,..,..,79.86865997,..,..,..,..,..,..,..,..,..,84.30309296,..,..,..,..,..,..,..,..,..,..,89.24983978,91.76600647,91.49002838,92.47476196,92.70760345,93.15783691,..,91.32539368,..,..
"Literacy rate, adult total (% of people ages 15 and above)",SE.ADT.LITR.ZS,Mexico,MEX,..,..,..,..,..,..,..,..,..,..,..,..,..,..,..,..,..,..,..,..,82.98924255,..,..,..,..,..,..,..,..,..,87.55615234,..,..,..,..,..,..,..,..,..,90.53562164,..,90.27465057,..,90.95374298,91.63027191,91.73451996,92.79517365,92.92559814,93.44187927,93.06893921,93.51998138,94.22840118,93.96285248,94.55587769,94.47228241,94.85961914,94.97277832,95.37991333,..,..
"Literacy rate, adult total (% of people ages 15 and above)",SE.ADT.LITR.ZS,"Micronesia, Fed. Sts.",FSM,..,..,..,..,..,..,..,..,..,..,..,..,..,..,..,..,..,..,..,..,..,..,..,..,..,..,..,..,..,..,..,..,..,..,..,..,..,..,..,..,..,..,..,..,..,..,..,..,..,..,..,..,..,..,..,..,..,..,..,..,..
"Literacy rate, adult total (% of people ages 15 and above)",SE.ADT.LITR.ZS,Moldova,MDA,..,..,..,..,..,..,..,..,..,..,..,..,..,..,..,..,..,..,..,..,..,..,..,..,..,..,..,..,..,96.37754822,..,..,..,..,..,..,..,..,..,..,96.65380096,..,..,..,98.35849762,..,..,98.62229156,..,99.06996155,99.0231781,..,99.13831329,..,99.3598938,..,..,..,..,..,..
"Literacy rate, adult total (% of people ages 15 and above)",SE.ADT.LITR.ZS,Monaco,MCO,..,..,..,..,..,..,..,..,..,..,..,..,..,..,..,..,..,..,..,..,..,..,..,..,..,..,..,..,..,..,..,..,..,..,..,..,..,..,..,..,..,..,..,..,..,..,..,..,..,..,..,..,..,..,..,..,..,..,..,..,..
"Literacy rate, adult total (% of people ages 15 and above)",SE.ADT.LITR.ZS,Mongolia,MNG,..,..,..,..,..,..,..,..,..,..,..,..,..,..,..,..,..,..,..,..,..,..,..,..,..,..,..,..,..,..,..,..,..,..,..,..,..,..,..,..,97.76885223,..,..,..,..,..,..,..,..,..,98.25700378,..,..,..,..,..,..,..,98.42311859,..,..
"Literacy rate, adult total (% of people ages 15 and above)",SE.ADT.LITR.ZS,Montenegro,MNE,..,..,..,..,..,..,..,..,..,..,..,..,..,..,..,..,..,..,..,..,..,89.63529968,..,..,..,..,..,..,..,..,..,93.46273804,..,..,..,..,..,..,..,..,..,..,..,97.77346039,..,..,..,..,..,..,..,98.44220734,..,..,..,..,..,..,98.84718323,..,..
"Literacy rate, adult total (% of people ages 15 and above)",SE.ADT.LITR.ZS,Morocco,MAR,..,..,..,..,..,..,..,..,..,..,..,..,..,..,..,..,..,..,..,..,..,..,30.25779915,..,..,..,..,..,..,..,..,..,..,..,41.59410858,..,..,..,..,..,..,..,..,..,52.30625916,..,..,..,55.1479187,56.08367157,..,67.08415985,69.42539215,..,..,..,..,..,73.75000763,..,..
"Literacy rate, adult total (% of people ages 15 and above)",SE.ADT.LITR.ZS,Mozambique,MOZ,..,..,..,..,..,..,..,..,..,..,..,..,..,..,..,..,..,..,..,..,26.99770927,..,..,..,..,..,..,..,..,..,..,..,..,..,..,..,..,38.70787811,..,..,..,..,..,48.15884018,..,..,..,..,..,50.5838089,..,..,..,..,..,56.03900146,..,60.65542984,..,..,..
"Literacy rate, adult total (% of people ages 15 and above)",SE.ADT.LITR.ZS,Myanmar,MMR,..,..,..,..,..,..,..,..,..,..,..,..,..,..,..,..,..,..,..,..,..,..,..,78.57041168,..,..,..,..,..,..,..,..,..,..,..,..,..,..,..,..,89.9417572,..,..,..,..,..,..,..,..,..,..,..,..,..,..,..,75.55120087,..,..,..,..
"Literacy rate, adult total (% of people ages 15 and above)",SE.ADT.LITR.ZS,Namibia,NAM,..,..,..,..,..,..,..,..,..,..,..,..,..,..,..,..,..,..,..,..,..,..,..,..,..,..,..,..,..,..,..,75.81658173,..,..,..,..,..,..,..,..,..,84.94425964,..,..,..,..,..,76.48658752,..,..,..,88.27462769,..,..,..,..,..,..,91.52726746,..,..
"Literacy rate, adult total (% of people ages 15 and above)",SE.ADT.LITR.ZS,Nauru,NRU,..,..,..,..,..,..,..,..,..,..,..,..,..,..,..,..,..,..,..,..,..,..,..,..,..,..,..,..,..,..,..,..,..,..,..,..,..,..,..,..,..,..,..,..,..,..,..,..,..,..,..,..,..,..,..,..,..,..,..,..,..
"Literacy rate, adult total (% of people ages 15 and above)",SE.ADT.LITR.ZS,Nepal,NPL,..,..,..,..,..,..,..,..,..,..,..,..,..,..,..,..,..,..,..,..,..,20.57366943,..,..,..,..,..,..,..,..,..,32.97558975,..,..,..,..,..,..,..,..,..,48.60897064,..,..,..,..,..,..,..,..,..,59.62725067,..,..,..,..,..,..,67.90843201,..,..
"Literacy rate, adult total (% of people ages 15 and above)",SE.ADT.LITR.ZS,Netherlands,NLD,..,..,..,..,..,..,..,..,..,..,..,..,..,..,..,..,..,..,..,..,..,..,..,..,..,..,..,..,..,..,..,..,..,..,..,..,..,..,..,..,..,..,..,..,..,..,..,..,..,..,..,..,..,..,..,..,..,..,..,..,..
"Literacy rate, adult total (% of people ages 15 and above)",SE.ADT.LITR.ZS,New Caledonia,NCL,..,..,..,..,..,..,..,..,..,..,..,..,..,..,..,..,91.30036926,..,..,..,..,..,..,..,..,..,..,..,..,93.08062744,..,..,..,..,..,..,96.13791656,..,..,..,..,..,..,..,..,..,..,..,..,..,..,..,..,..,97.80000305,..,..,..,..,..,..
"Literacy rate, adult total (% of people ages 15 and above)",SE.ADT.LITR.ZS,New Zealand,NZL,..,..,..,..,..,..,..,..,..,..,..,..,..,..,..,..,..,..,..,..,..,..,..,..,..,..,..,..,..,..,..,..,..,..,..,..,..,..,..,..,..,..,..,..,..,..,..,..,..,..,..,..,..,..,..,..,..,..,..,..,..
"Literacy rate, adult total (% of people ages 15 and above)",SE.ADT.LITR.ZS,Nicaragua,NIC,..,..,..,..,..,..,..,..,..,..,..,..,..,..,..,..,..,..,..,..,..,..,..,..,..,..,..,..,..,..,..,..,..,..,..,..,..,..,..,..,..,76.67713165,..,..,..,78.00298309,..,..,..,..,..,..,..,..,..,82.61454773,..,..,..,..,..
"Literacy rate, adult total (% of people ages 15 and above)",SE.ADT.LITR.ZS,Niger,NER,..,..,..,..,..,..,..,..,..,..,..,..,..,..,..,..,..,..,..,..,..,..,..,..,..,..,..,..,..,..,..,..,..,..,..,..,..,..,..,..,..,14.37604046,..,..,..,28.6724205,..,..,..,..,..,..,30.56039047,..,..,..,..,..,35.04999924,..,..
"Literacy rate, adult total (% of people ages 15 and above)",SE.ADT.LITR.ZS,Nigeria,NGA,..,..,..,..,..,..,..,..,..,..,..,..,..,..,..,..,..,..,..,..,..,..,..,..,..,..,..,..,..,..,..,55.44675064,..,..,..,..,..,..,..,..,..,..,..,54.7731781,..,..,70.198349,..,51.07765961,..,..,..,..,..,..,..,..,..,62.01601028,..,..
"Literacy rate, adult total (% of people ages 15 and above)",SE.ADT.LITR.ZS,North Macedonia,MKD,..,..,..,..,..,..,..,..,..,..,..,..,..,..,..,..,..,..,..,..,..,..,..,..,..,..,..,..,..,..,..,..,..,..,94.05874634,..,..,..,..,..,..,..,96.12892914,..,..,..,..,..,..,..,..,..,..,..,97.80000305,..,..,..,..,..,..
"Literacy rate, adult total (% of people ages 15 and above)",SE.ADT.LITR.ZS,Northern Mariana Islands,MNP,..,..,..,..,..,..,..,..,..,..,..,..,..,..,..,..,..,..,..,..,..,..,..,..,..,..,..,..,..,..,..,..,..,..,..,..,..,..,..,..,..,..,..,..,..,..,..,..,..,..,..,..,..,..,..,..,..,..,..,..,..
"Literacy rate, adult total (% of people ages 15 and above)",SE.ADT.LITR.ZS,Norway,NOR,..,..,..,..,..,..,..,..,..,..,..,..,..,..,..,..,..,..,..,..,..,..,..,..,..,..,..,..,..,..,..,..,..,..,..,..,..,..,..,..,..,..,..,..,..,..,..,..,..,..,..,..,..,..,..,..,..,..,..,..,..
"Literacy rate, adult total (% of people ages 15 and above)",SE.ADT.LITR.ZS,Oman,OMN,..,..,..,..,..,..,..,..,..,..,..,..,..,..,..,..,..,..,..,..,..,..,..,..,..,..,..,..,..,..,..,..,..,..,..,..,..,..,..,..,..,..,..,81.36331177,..,..,..,..,86.62113953,..,86.93900299,..,..,..,91.98120117,93.03861237,94.89998627,95.5759964,95.6515274,..,..
"Literacy rate, adult total (% of people ages 15 and above)",SE.ADT.LITR.ZS,Pakistan,PAK,..,..,..,..,..,..,..,..,..,..,..,..,..,..,..,..,..,..,..,..,..,25.72518921,..,..,..,..,..,..,..,..,..,..,..,..,..,..,..,..,42.6993103,..,..,..,..,..,..,49.87363815,54.15121078,52.13682938,55.526371,54.89263916,55.37519073,54.73802185,56.76433945,55.59498978,56.97714996,..,..,59.13204956,..,..,..
"Literacy rate, adult total (% of people ages 15 and above)",SE.ADT.LITR.ZS,Palau,PLW,..,..,..,..,..,..,..,..,..,..,..,..,..,..,..,..,..,..,..,..,91.92141724,..,..,..,..,..,..,..,..,..,..,..,..,..,..,..,..,..,..,..,..,..,..,..,..,..,..,..,..,..,..,..,..,99.50312805,..,96.59374237,..,..,..,..,..
"Literacy rate, adult total (% of people ages 15 and above)",SE.ADT.LITR.ZS,Panama,PAN,..,..,..,..,..,..,..,..,..,..,..,..,..,..,..,..,..,..,..,..,88.0717392,..,..,..,..,..,..,..,..,..,88.77986145,..,..,..,..,..,..,..,..,..,91.89962006,..,..,..,..,..,..,..,..,..,94.09411621,..,..,..,..,..,..,..,95.41181183,..,..
"Literacy rate, adult total (% of people ages 15 and above)",SE.ADT.LITR.ZS,Papua New Guinea,PNG,..,..,..,..,..,..,..,..,..,..,..,..,..,..,..,..,..,..,..,..,..,..,..,..,..,..,..,..,..,..,..,..,..,..,..,..,..,..,..,..,57.34326172,..,..,..,..,..,..,..,..,..,61.59999847,..,..,..,..,..,..,..,..,..,..
"Literacy rate, adult total (% of people ages 15 and above)",SE.ADT.LITR.ZS,Paraguay,PRY,..,..,..,..,..,..,..,..,..,..,..,..,..,..,..,..,..,..,..,..,..,..,78.45861053,..,..,..,..,..,..,..,..,..,90.27182007,..,..,..,..,..,..,..,..,..,92.80960846,..,..,..,..,94.55821991,93.29208374,93.75424194,93.87091827,..,94.19747162,95.05903625,95.03481293,95.55484009,94.65023804,..,94.02079773,..,..
"Literacy rate, adult total (% of people ages 15 and above)",SE.ADT.LITR.ZS,Peru,PER,..,..,..,..,..,..,..,..,..,..,..,..,..,..,..,..,..,..,..,..,..,81.91845703,..,..,..,..,..,..,..,..,..,..,..,87.15062714,..,..,..,..,..,..,..,..,..,..,87.66985321,87.90866852,88.69934082,89.59081268,..,..,..,..,93.84172821,..,93.70794678,94.16233826,94.17366791,94.14961243,94.40827179,..,..
"Literacy rate, adult total (% of people ages 15 and above)",SE.ADT.LITR.ZS,Philippines,PHL,..,..,..,..,..,..,..,..,..,..,..,..,..,..,..,..,..,..,..,..,83.31723022,..,..,..,..,..,..,..,..,..,93.57389832,..,..,..,93.91596985,..,..,..,..,..,92.60005951,..,..,92.59069061,..,..,..,..,95.42009735,..,..,..,..,96.39800262,..,98.18254852,..,..,..,..,..
"Literacy rate, adult total (% of people ages 15 and above)",SE.ADT.LITR.ZS,Poland,POL,..,..,..,..,..,..,..,..,..,..,..,..,..,..,..,..,..,..,98.74273682,..,..,..,..,..,..,..,..,..,98.74273682,..,..,..,..,..,..,..,..,..,98.74273682,..,..,..,..,..,..,..,..,..,98.74273682,..,..,..,..,..,..,..,..,..,..,..,..
"Literacy rate, adult total (% of people ages 15 and above)",SE.ADT.LITR.ZS,Portugal,PRT,..,..,..,..,..,..,..,..,..,..,..,..,..,..,..,..,..,..,..,..,..,79.43560791,..,..,..,..,..,..,..,..,..,87.94785309,..,..,..,..,..,..,..,..,..,90.43975067,..,..,..,..,..,..,..,..,..,94.47705078,..,..,..,..,..,..,96.1375885,..,..
"Literacy rate, adult total (% of people ages 15 and above)",SE.ADT.LITR.ZS,Puerto Rico,PRI,..,..,..,..,..,..,..,..,..,..,..,..,..,..,..,..,..,..,..,..,86.74606323,..,..,..,..,..,..,..,..,..,89.62249756,..,..,..,..,..,..,..,..,..,..,..,..,..,..,..,..,..,..,..,91.96523285,..,..,..,..,..,..,92.38999939,..,..,..
"Literacy rate, adult total (% of people ages 15 and above)",SE.ADT.LITR.ZS,Qatar,QAT,..,..,..,..,..,..,..,..,..,..,..,..,..,..,..,..,..,..,..,..,..,..,..,..,..,..,75.63504028,..,..,..,..,..,..,..,..,..,..,83.26216125,..,..,..,..,..,..,86.73161316,..,..,90.06062317,91.01075745,91.15142059,91.77884674,91.36408234,90.1700592,90.63298798,91.3272171,..,93.14530182,93.46396637,..,..,..
"Literacy rate, adult total (% of people ages 15 and above)",SE.ADT.LITR.ZS,Romania,ROU,..,..,..,..,..,..,..,..,..,..,..,..,..,..,..,..,..,..,..,..,..,..,..,..,..,..,..,..,..,..,..,..,96.7099762,..,..,..,..,..,..,..,..,..,97.29759216,..,..,..,..,..,..,..,..,98.60428619,..,..,..,..,..,..,98.84449768,..,..
"Literacy rate, adult total (% of people ages 15 and above)",SE.ADT.LITR.ZS,Russian Federation,RUS,..,..,..,..,..,..,..,..,..,..,..,..,..,..,..,..,..,..,..,..,..,..,..,..,..,..,..,..,..,97.98605347,..,..,..,..,..,..,..,..,..,..,..,..,99.44097137,..,..,..,..,..,..,..,99.68427277,..,..,..,..,..,..,..,99.73005676,..,..
"Literacy rate, adult total (% of people ages 15 and above)",SE.ADT.LITR.ZS,Rwanda,RWA,..,..,..,..,..,..,..,..,..,..,..,..,..,..,..,..,..,..,38.24343109,..,..,..,..,..,..,..,..,..,..,..,..,57.85348892,..,..,..,..,..,..,..,..,64.88860321,..,..,..,..,..,..,..,..,..,65.85227203,..,68.3310318,..,70.80413055,..,..,..,73.21559143,..,..
"Literacy rate, adult total (% of people ages 15 and above)",SE.ADT.LITR.ZS,Samoa,WSM,..,..,..,..,..,..,..,..,..,..,..,..,..,..,..,..,..,..,..,..,..,..,..,..,..,..,..,..,..,..,..,97.94432831,..,..,..,..,..,..,..,..,..,..,..,..,..,..,..,..,..,..,..,98.97325897,..,..,..,..,..,..,99.09577179,..,..
"Literacy rate, adult total (% of people ages 15 and above)",SE.ADT.LITR.ZS,San Marino,SMR,..,..,..,..,..,..,..,..,..,..,..,..,..,..,..,..,..,..,..,..,..,..,..,..,..,..,..,..,..,..,..,..,..,..,..,..,..,..,..,..,..,..,..,..,..,..,..,..,..,..,..,..,..,..,..,..,..,..,99.91642761,..,..
"Literacy rate, adult total (% of people ages 15 and above)",SE.ADT.LITR.ZS,Sao Tome and Principe,STP,..,..,..,..,..,..,..,..,..,..,..,..,..,..,..,..,..,..,..,..,..,57.32426071,..,..,..,..,..,..,..,..,..,73.24241638,..,..,..,..,..,..,..,..,..,84.9085083,..,..,..,..,..,..,69.53639221,..,..,..,90.14309692,..,..,..,..,..,92.81664276,..,..
"Literacy rate, adult total (% of people ages 15 and above)",SE.ADT.LITR.ZS,Saudi Arabia,SAU,..,..,..,..,..,..,..,..,..,..,..,..,..,..,..,..,..,..,..,..,..,..,..,..,..,..,..,..,..,..,..,..,70.82164764,..,..,..,..,..,..,..,79.35093689,..,..,..,82.85774231,..,..,..,..,..,..,..,..,94.4263382,..,..,..,95.32862854,..,..,..
"Literacy rate, adult total (% of people ages 15 and above)",SE.ADT.LITR.ZS,Senegal,SEN,..,..,..,..,..,..,..,..,..,..,..,..,..,..,..,..,..,..,..,..,..,..,..,..,..,..,..,..,26.86885071,..,..,..,..,..,..,..,..,..,..,..,..,..,39.27524948,..,..,..,41.89115143,..,..,48.03678131,..,51.81454849,..,43.53450012,..,..,..,51.90042114,..,..,..
"Literacy rate, adult total (% of people ages 15 and above)",SE.ADT.LITR.ZS,Serbia,SRB,..,..,..,..,..,..,..,..,..,..,..,..,..,..,..,..,..,..,..,..,..,..,..,..,..,..,..,..,..,..,..,..,..,..,..,..,..,..,..,..,..,..,..,96.39723969,..,..,..,..,..,..,..,97.96240997,..,..,..,..,98.84150696,..,..,..,..
"Literacy rate, adult total (% of people ages 15 and above)",SE.ADT.LITR.ZS,Seychelles,SYC,..,..,..,..,..,..,..,..,..,..,..,..,..,..,..,..,..,..,..,..,..,..,..,..,..,..,..,84.22921753,..,..,..,..,..,..,87.8111496,..,..,..,..,..,..,..,91.8364563,..,..,..,..,..,..,..,93.95423126,..,..,..,..,..,..,..,95.8677063,..,..
"Literacy rate, adult total (% of people ages 15 and above)",SE.ADT.LITR.ZS,Sierra Leone,SLE,..,..,..,..,..,..,..,..,..,..,..,..,..,..,..,..,..,..,..,..,..,..,..,..,..,..,..,..,..,..,..,..,..,..,..,..,..,..,..,..,..,..,..,..,34.82678986,..,..,..,..,..,..,..,..,32.42617035,..,..,..,..,43.20632935,..,..
"Literacy rate, adult total (% of people ages 15 and above)",SE.ADT.LITR.ZS,Singapore,SGP,..,..,..,..,..,..,..,..,..,..,..,..,..,..,..,..,..,..,..,..,82.90605164,..,..,..,..,..,..,..,..,..,89.09600067,..,..,..,..,..,..,..,..,..,92.54940033,..,..,..,..,..,..,..,..,..,95.85733032,96.18604279,96.36978912,96.54801941,96.71669006,96.82549286,97.04956055,97.2022171,97.34485626,..,..
"Literacy rate, adult total (% of people ages 15 and above)",SE.ADT.LITR.ZS,Sint Maarten (Dutch part),SXM,..,..,..,..,..,..,..,..,..,..,..,..,..,..,..,..,..,..,..,..,..,..,..,..,..,..,..,..,..,..,..,..,..,..,..,..,..,..,..,..,..,..,..,..,..,..,..,..,..,..,..,..,..,..,..,..,..,..,..,..,..
"Literacy rate, adult total (% of people ages 15 and above)",SE.ADT.LITR.ZS,Slovak Republic,SVK,..,..,..,..,..,..,..,..,..,..,..,..,..,..,..,..,..,..,..,..,..,..,..,..,..,..,..,..,..,..,..,..,..,..,..,..,..,..,..,..,..,..,..,..,..,..,..,..,..,..,..,..,..,..,..,..,..,..,..,..,..
"Literacy rate, adult total (% of people ages 15 and above)",SE.ADT.LITR.ZS,Slovenia,SVN,..,..,..,..,..,..,..,..,..,..,..,..,..,..,..,..,..,..,..,..,..,..,..,..,..,..,..,..,..,..,..,99.52452087,..,..,..,..,..,..,..,..,..,..,..,..,99.69999695,..,..,..,..,..,..,..,..,..,99.69999695,..,..,..,..,..,..
"Literacy rate, adult total (% of people ages 15 and above)",SE.ADT.LITR.ZS,Solomon Islands,SLB,..,..,..,..,..,..,..,..,..,..,..,..,..,..,..,..,..,..,..,..,..,..,..,..,..,..,..,..,..,..,..,..,..,..,..,..,..,..,..,76.59999847,..,..,..,..,..,..,..,..,..,76.59999847,..,..,..,..,..,..,..,..,..,..,..
"Literacy rate, adult total (% of people ages 15 and above)",SE.ADT.LITR.ZS,Somalia,SOM,..,..,..,..,..,..,..,..,..,..,..,..,5.404650211,..,..,..,..,..,..,..,..,..,..,..,..,..,..,..,..,..,..,..,..,..,..,..,..,..,..,..,..,..,..,..,..,..,..,..,..,..,..,..,..,..,..,..,..,..,..,..,..
"Literacy rate, adult total (% of people ages 15 and above)",SE.ADT.LITR.ZS,South Africa,ZAF,..,..,..,..,..,..,..,..,..,..,..,..,..,..,..,..,..,..,..,..,76.20049286,..,..,..,..,..,..,..,..,..,..,..,..,..,..,..,82.40209961,..,..,..,..,..,..,..,..,..,..,88.71724701,..,92.89485931,92.87731934,93.10214233,93.7294693,..,94.13990021,94.36791992,..,87.04666901,..,..,..
"Literacy rate, adult total (% of people ages 15 and above)",SE.ADT.LITR.ZS,South Sudan,SSD,..,..,..,..,..,..,..,..,..,..,..,..,..,..,..,..,..,..,..,..,..,..,..,..,..,..,..,..,..,..,..,..,..,..,..,..,..,..,..,..,..,..,..,..,..,..,..,..,26.83127975,..,..,..,..,..,..,..,..,..,34.52275848,..,..
"Literacy rate, adult total (% of people ages 15 and above)",SE.ADT.LITR.ZS,Spain,ESP,..,..,..,..,..,..,..,..,..,..,..,..,..,..,..,..,..,..,..,..,..,92.80976868,..,..,..,..,..,..,..,..,..,96.49497223,..,..,..,..,..,..,..,..,..,..,..,..,97.16512299,97.75068665,97.75213623,97.93884277,97.6306076,97.67926788,97.74890137,97.78375244,97.89453888,98.07913208,98.09371948,98.14325714,98.25051117,..,98.43650055,..,..
"Literacy rate, adult total (% of people ages 15 and above)",SE.ADT.LITR.ZS,Sri Lanka,LKA,..,..,..,..,..,..,..,..,..,..,..,..,..,..,..,..,..,..,..,..,..,86.77792358,..,..,..,..,..,..,..,..,..,..,..,..,..,..,..,..,..,..,..,90.68274689,..,..,..,..,90.80883026,..,90.55795288,..,91.18135834,..,..,..,..,..,92.38690186,91.89575195,91.70982361,..,..
"Literacy rate, adult total (% of people ages 15 and above)",SE.ADT.LITR.ZS,St. Kitts and Nevis,KNA,..,..,..,..,..,..,..,..,..,..,..,..,..,..,..,..,..,..,..,..,..,..,..,..,..,..,..,..,..,..,..,..,..,..,..,..,..,..,..,..,..,..,..,..,..,..,..,..,..,..,..,..,..,..,..,..,..,..,..,..,..
"Literacy rate, adult total (% of people ages 15 and above)",SE.ADT.LITR.ZS,St. Lucia,LCA,..,..,..,..,..,..,..,..,..,..,..,..,..,..,..,..,..,..,..,..,..,..,..,..,..,..,..,..,..,..,..,..,..,..,..,..,..,..,..,..,..,..,..,..,..,..,..,..,..,..,..,..,..,..,..,..,..,..,..,..,..
"Literacy rate, adult total (% of people ages 15 and above)",SE.ADT.LITR.ZS,St. Martin (French part),MAF,..,..,..,..,..,..,..,..,..,..,..,..,..,..,..,..,..,..,..,..,..,..,..,..,..,..,..,..,..,..,..,..,..,..,..,..,..,..,..,..,..,..,..,..,..,..,..,..,..,..,..,..,..,..,..,..,..,..,..,..,..
"Literacy rate, adult total (% of people ages 15 and above)",SE.ADT.LITR.ZS,St. Vincent and the Grenadines,VCT,..,..,..,..,..,..,..,..,..,..,95.63215637,..,..,..,..,..,..,..,..,..,..,..,..,..,..,..,..,..,..,..,..,..,..,..,..,..,..,..,..,..,..,..,..,..,..,..,..,..,..,..,..,..,..,..,..,..,..,..,..,..,..
"Literacy rate, adult total (% of people ages 15 and above)",SE.ADT.LITR.ZS,Sudan,SDN,..,..,..,..,..,..,..,..,..,..,..,..,..,..,..,..,..,..,..,..,..,..,..,..,..,..,..,..,..,..,..,..,..,..,..,..,..,..,..,..,61.34587097,..,..,..,..,..,..,..,53.51737976,..,..,..,..,..,..,..,..,..,60.6971817,..,..
"Literacy rate, adult total (% of people ages 15 and above)",SE.ADT.LITR.ZS,Suriname,SUR,..,..,..,..,..,..,..,..,..,..,..,..,..,..,..,..,..,..,..,..,..,..,..,..,..,..,..,..,..,..,..,..,..,..,..,..,..,..,..,..,..,..,..,..,89.59806061,..,..,..,94.62094116,..,94.67575073,..,92.86865997,..,..,..,..,..,94.38327026,..,..
"Literacy rate, adult total (% of people ages 15 and above)",SE.ADT.LITR.ZS,Sweden,SWE,..,..,..,..,..,..,..,..,..,..,..,..,..,..,..,..,..,..,..,..,..,..,..,..,..,..,..,..,..,..,..,..,..,..,..,..,..,..,..,..,..,..,..,..,..,..,..,..,..,..,..,..,..,..,..,..,..,..,..,..,..
"Literacy rate, adult total (% of people ages 15 and above)",SE.ADT.LITR.ZS,Switzerland,CHE,..,..,..,..,..,..,..,..,..,..,..,..,..,..,..,..,..,..,..,..,..,..,..,..,..,..,..,..,..,..,..,..,..,..,..,..,..,..,..,..,..,..,..,..,..,..,..,..,..,..,..,..,..,..,..,..,..,..,..,..,..
"Literacy rate, adult total (% of people ages 15 and above)",SE.ADT.LITR.ZS,Syrian Arab Republic,SYR,..,..,..,..,..,..,..,..,..,..,..,..,..,..,..,..,..,..,..,..,..,55.65449905,..,..,..,..,..,..,..,..,..,..,..,..,..,..,..,..,..,..,..,..,82.88825226,..,80.84452057,..,..,..,..,..,..,..,..,..,..,..,..,..,..,..,..
"Literacy rate, adult total (% of people ages 15 and above)",SE.ADT.LITR.ZS,Tajikistan,TJK,..,..,..,..,..,..,..,..,..,..,..,..,..,..,..,..,..,..,..,..,..,..,..,..,..,..,..,..,..,97.69402313,..,..,..,..,..,..,..,..,..,..,99.45068359,..,..,..,..,..,..,..,..,..,..,..,..,..,99.80000305,..,..,..,..,..,..
"Literacy rate, adult total (% of people ages 15 and above)",SE.ADT.LITR.ZS,Tanzania,TZA,..,..,..,..,..,..,..,..,..,..,..,..,..,..,..,..,..,..,..,..,..,..,..,..,..,..,..,..,59.11380005,..,..,..,..,..,..,..,..,..,..,..,..,..,69.43090057,..,..,..,..,..,..,..,67.80069733,..,78.10059357,..,..,77.88722992,..,..,..,..,..
"Literacy rate, adult total (% of people ages 15 and above)",SE.ADT.LITR.ZS,Thailand,THA,..,..,..,..,..,..,..,..,..,..,..,..,..,..,..,..,..,..,..,..,87.98175812,..,..,..,..,..,..,..,..,..,..,..,..,..,..,..,..,..,..,..,92.64653778,..,..,..,..,93.50646973,..,..,..,..,96.4309082,..,..,93.70207214,..,92.86830902,..,..,93.76776123,..,..
"Literacy rate, adult total (% of people ages 15 and above)",SE.ADT.LITR.ZS,Timor-Leste,TLS,..,..,..,..,..,..,..,..,..,..,..,..,..,..,..,..,..,..,..,..,..,..,..,..,..,..,..,..,..,..,..,..,..,..,..,..,..,..,..,..,..,37.59999847,..,..,..,..,..,50.59999847,..,..,58.30897903,..,..,..,..,..,..,..,68.0668335,..,..
"Literacy rate, adult total (% of people ages 15 and above)",SE.ADT.LITR.ZS,Togo,TGO,..,..,..,..,..,..,..,..,..,..,..,..,..,..,..,..,..,..,..,..,..,..,..,..,..,..,..,..,..,..,..,..,..,..,..,..,..,..,..,..,53.17760086,..,..,..,..,..,56.88837051,..,..,57.09337997,..,60.40993881,..,..,..,63.74562073,..,..,..,..,..
"Literacy rate, adult total (% of people ages 15 and above)",SE.ADT.LITR.ZS,Tonga,TON,..,..,..,..,..,..,..,..,..,..,..,..,..,..,..,..,99.59246063,..,..,..,..,..,..,..,..,..,..,..,..,..,..,..,..,..,..,..,98.90537262,..,..,..,..,..,..,..,..,..,99.01846313,..,..,..,..,99.38552856,..,..,..,..,..,..,99.41436768,..,..
"Literacy rate, adult total (% of people ages 15 and above)",SE.ADT.LITR.ZS,Trinidad and Tobago,TTO,..,..,..,..,..,..,..,..,..,..,..,..,..,..,..,..,..,..,..,..,94.97032166,..,..,..,..,..,..,..,..,..,96.93855286,..,..,..,..,..,..,..,..,..,97.90000153,..,..,..,..,..,..,..,..,..,98.69999695,..,..,..,..,..,..,..,..,..,..
"Literacy rate, adult total (% of people ages 15 and above)",SE.ADT.LITR.ZS,Tunisia,TUN,..,..,..,..,..,..,..,..,..,..,..,..,..,..,..,..,..,..,..,..,..,..,..,..,48.19070053,..,..,..,..,..,..,..,..,..,..,..,..,..,..,..,..,..,..,..,74.29699707,..,..,77.19039917,77.7146225,..,79.13057709,79.65390778,80.21875,..,79.03643036,..,..,..,..,..,..
"Literacy rate, adult total (% of people ages 15 and above)",SE.ADT.LITR.ZS,Turkey,TUR,..,..,..,..,..,..,..,..,..,..,..,..,..,..,..,61.62768173,..,..,..,..,65.69434357,..,..,..,..,75.96823883,..,..,..,..,79.23245239,..,..,..,..,..,..,..,..,..,..,..,..,..,87.36549377,88.22905731,88.1193924,88.65589905,..,90.81671906,92.66059875,94.10608673,94.9197464,95.25666046,95.4396286,95.60141754,96.16732788,96.15052795,..,..,..
"Literacy rate, adult total (% of people ages 15 and above)",SE.ADT.LITR.ZS,Turkmenistan,TKM,..,..,..,..,..,..,..,..,..,..,..,..,..,..,..,..,..,..,..,..,..,..,..,..,..,..,..,..,..,..,..,..,..,..,..,98.77832031,..,..,..,..,..,..,..,..,..,..,..,..,..,..,..,..,..,..,99.69999695,..,..,..,..,..,..
"Literacy rate, adult total (% of people ages 15 and above)",SE.ADT.LITR.ZS,Turks and Caicos Islands,TCA,..,..,..,..,..,..,..,..,..,..,..,..,..,..,..,..,..,..,..,..,..,..,..,..,..,..,..,..,..,..,..,..,..,..,..,..,..,..,..,..,..,..,..,..,..,..,..,..,..,..,..,..,..,..,..,..,..,..,..,..,..
"Literacy rate, adult total (% of people ages 15 and above)",SE.ADT.LITR.ZS,Tuvalu,TUV,..,..,..,..,..,..,..,..,..,..,..,..,..,..,..,..,..,..,..,..,..,..,..,..,..,..,..,..,..,..,..,..,..,..,..,..,..,..,..,..,..,..,..,..,..,..,..,..,..,..,..,..,..,..,..,..,..,..,..,..,..
"Literacy rate, adult total (% of people ages 15 and above)",SE.ADT.LITR.ZS,Uganda,UGA,..,..,..,..,..,..,..,..,..,..,..,..,..,..,..,..,..,..,..,..,..,..,..,..,..,..,..,..,..,..,..,56.10737991,..,..,..,..,..,..,..,..,..,..,68.14250946,..,..,..,71.37313843,..,..,..,73.21188354,..,70.1982193,..,..,..,..,..,76.52749634,..,..
"Literacy rate, adult total (% of people ages 15 and above)",SE.ADT.LITR.ZS,Ukraine,UKR,..,..,..,..,..,..,..,..,..,..,..,..,..,..,..,..,..,..,..,..,..,..,..,..,..,..,..,..,..,..,..,..,..,..,..,..,..,..,..,..,..,99.43041229,..,..,..,..,..,..,..,..,..,..,99.97434998,..,..,..,..,..,..,..,..
"Literacy rate, adult total (% of people ages 15 and above)",SE.ADT.LITR.ZS,United Arab Emirates,ARE,..,..,..,..,..,..,..,..,..,..,..,..,..,..,..,53.51488113,..,..,..,..,..,..,..,..,..,71.23529816,..,..,..,..,..,..,..,..,..,..,..,..,..,..,..,..,..,..,..,90.03385162,..,..,..,..,..,..,..,..,..,93.22714233,..,..,..,..,..
"Literacy rate, adult total (% of people ages 15 and above)",SE.ADT.LITR.ZS,United Kingdom,GBR,..,..,..,..,..,..,..,..,..,..,..,..,..,..,..,..,..,..,..,..,..,..,..,..,..,..,..,..,..,..,..,..,..,..,..,..,..,..,..,..,..,..,..,..,..,..,..,..,..,..,..,..,..,..,..,..,..,..,..,..,..
"Literacy rate, adult total (% of people ages 15 and above)",SE.ADT.LITR.ZS,United States,USA,..,..,..,..,..,..,..,..,..,..,..,..,..,..,..,..,..,..,..,..,..,..,..,..,..,..,..,..,..,..,..,..,..,..,..,..,..,..,..,..,..,..,..,..,..,..,..,..,..,..,..,..,..,..,..,..,..,..,..,..,..
"Literacy rate, adult total (% of people ages 15 and above)",SE.ADT.LITR.ZS,Uruguay,URY,..,..,..,..,..,..,..,..,..,..,..,..,..,..,..,93.86106873,..,..,..,..,..,..,..,..,..,95.37998199,..,..,..,..,..,..,..,..,..,..,96.78180695,..,..,..,..,..,..,..,..,..,97.78962708,97.8638916,98.16355896,98.26722717,98.07270813,98.33589935,98.39594269,98.36386871,98.43592834,98.52387238,98.56147003,98.61572266,98.70385742,..,..
"Literacy rate, adult total (% of people ages 15 and above)",SE.ADT.LITR.ZS,Uzbekistan,UZB,..,..,..,..,..,..,..,..,..,..,..,..,..,..,..,..,..,..,..,..,..,..,..,..,..,..,..,..,..,..,..,..,..,..,..,..,..,..,..,..,98.64257813,..,..,..,..,..,..,..,..,..,..,..,..,99.99485779,99.98055267,99.98383331,99.98657227,..,99.9928894,..,..
"Literacy rate, adult total (% of people ages 15 and above)",SE.ADT.LITR.ZS,Vanuatu,VUT,..,..,..,..,..,..,..,..,..,..,..,..,..,..,..,..,..,..,..,52.87392044,..,..,..,..,58.20000076,..,..,..,..,..,..,..,..,..,68.69999695,..,..,..,..,74,..,..,..,..,78.40000153,..,..,..,..,..,..,..,..,..,84.69999695,..,..,..,87.50630951,..,..
"Literacy rate, adult total (% of people ages 15 and above)",SE.ADT.LITR.ZS,"Venezuela, RB",VEN,..,..,..,..,..,..,..,..,..,..,..,..,..,..,..,..,..,..,..,..,..,84.73220062,..,..,..,..,..,..,..,..,89.82524872,..,..,..,..,..,..,..,..,..,..,92.97982788,..,..,..,..,..,95.1546402,..,95.51199341,..,94.7702179,..,..,..,96.60521698,97.12709045,..,..,..,..
"Literacy rate, adult total (% of people ages 15 and above)",SE.ADT.LITR.ZS,Vietnam,VNM,..,..,..,..,..,..,..,..,..,..,..,..,..,..,..,..,..,..,..,83.82594299,..,..,..,..,..,..,..,..,..,87.59645081,..,..,..,..,..,..,..,..,..,90.27829742,90.15612793,..,..,..,..,..,..,..,..,93.52044678,..,..,..,..,..,..,..,..,95.00038147,..,..
"Literacy rate, adult total (% of people ages 15 and above)",SE.ADT.LITR.ZS,Virgin Islands (U.S.),VIR,..,..,..,..,..,..,..,..,..,..,..,..,..,..,..,..,..,..,..,..,..,..,..,..,..,..,..,..,..,..,..,..,..,..,..,..,..,..,..,..,..,..,..,..,..,..,..,..,..,..,..,..,..,..,..,..,..,..,..,..,..
"Literacy rate, adult total (% of people ages 15 and above)",SE.ADT.LITR.ZS,West Bank and Gaza,PSE,..,..,..,..,..,..,..,..,..,..,..,..,..,..,..,..,..,..,..,..,..,..,..,..,..,..,..,..,..,..,..,..,..,..,..,..,..,86.0628891,..,..,..,..,..,..,92.27996826,..,93.45001221,93.88214111,94.05867767,94.59916687,94.93200684,95.26724243,95.90621948,96.28489685,96.4283905,96.69072723,96.93022919,..,97.21861267,..,..
"Literacy rate, adult total (% of people ages 15 and above)",SE.ADT.LITR.ZS,"Yemen, Rep.",YEM,..,..,..,..,..,..,..,..,..,..,..,..,..,..,..,..,..,..,..,..,..,..,..,..,..,..,..,..,..,..,..,..,..,..,37.09000015,..,..,..,..,..,..,..,..,..,54.09999847,..,..,..,..,..,..,..,..,..,..,..,..,..,..,..,..
"Literacy rate, adult total (% of people ages 15 and above)",SE.ADT.LITR.ZS,Zambia,ZMB,..,..,..,..,..,..,..,..,..,..,..,..,..,..,..,..,..,..,..,..,..,..,..,..,..,..,..,..,..,..,64.99828339,..,..,..,..,..,..,..,..,68.00179291,..,..,69.14922333,..,..,..,..,61.12709045,..,..,83.00766754,..,..,..,..,..,..,..,86.74796295,..,..
"Literacy rate, adult total (% of people ages 15 and above)",SE.ADT.LITR.ZS,Zimbabwe,ZWE,..,..,..,..,..,..,..,..,..,..,..,..,..,..,..,..,..,..,..,..,..,..,77.79416656,..,..,..,..,..,..,..,..,..,83.51258087,..,..,..,..,..,..,..,..,..,..,..,..,..,..,..,..,..,..,83.58271027,..,..,88.69342041,..,..,..,..,..,..
,,,,,,,,,,,,,,,,,,,,,,,,,,,,,,,,,,,,,,,,,,,,,,,,,,,,,,,,,,,,,,,,
,,,,,,,,,,,,,,,,,,,,,,,,,,,,,,,,,,,,,,,,,,,,,,,,,,,,,,,,,,,,,,,,
,,,,,,,,,,,,,,,,,,,,,,,,,,,,,,,,,,,,,,,,,,,,,,,,,,,,,,,,,,,,,,,,
Data from database: World Development Indicators,,,,,,,,,,,,,,,,,,,,,,,,,,,,,,,,,,,,,,,,,,,,,,,,,,,,,,,,,,,,,,,,
Last Updated: 10/07/2020,,,,,,,,,,,,,,,,,,,,,,,,,,,,,,,,,,,,,,,,,,,,,,,,,,,,,,,,,,,,,,,,
